36187290	hoskingonzb	Mike Hosking
257358492	LaurryKG	Lauren
408114345	FreeZ0r	Paul Thomas
2885335785	StarWarsAUNZ	Star Wars AUNZ
282916052	tomkennedy_nz	Tom Kennedy
2424726013	AnimeLab	AnimeLab
343918825	MCVPacific	MCV Pacific
36243808	Armageddonexpo	ArmageddonExpo
59728864	DaveHermans	Hermans
367643874	Ross_McDougall	Ross McDougall
38286547	jblrules316	Damian Antony Seeto
561659754	dhayanasena	Dhayana Sena
523902481	ShanetheGamer	Shane the Gamer
30169125	bams_xx	Samantha 
329481702	robstewartnz	Rob Stewart
33148070	cwebster9	Corey Webster
286074748	PhidMcAwesome	Phid
35943456	NZGamerdotcom	NZGamer.com 
15422693	Gameplanet	Gameplanet.co.nz
141405867	joneclist	Jon E Clist
2575284632	makeitastley	Astley Nathan
37286087	TroyRF	Troy Rawhiti-Forbes
2783063791	TheSpinoffTV	The Spinoff
1618797188	TheLeapingTiger	Leaping Tiger
63106785	MC_Odd	Matthew Codd
605534820	radiokermath	Kermath
2457222380	McMooreJames	James McMoore
134592656	RedBullNZ	Red Bull
126434795	NZWarriors	Vodafone Warriors
152851563	LiamMcEwan	Liam McEwan
100657961	Sparzx	Sami (Sparzx)
206971101	K___May	Kieran
42730720	megyhall	megylife
1381595371	Uber_NZ	Uber New Zealand
252964567	jasonstone1313	the jason stone
3316427282	HotChipsGaming	Hot Chips Gaming
961343107	Snowypadre	Theo Martin
2365351	regen	Daniel Too
843390968	ardiesavea	ardie savea
166007994	HelloMissPotter	Amy Potter
449394048	ABuckthought	Aaron Buckthought
42856709	jishaal	Jishaal Kalyan
282937804	Expect_Awkward	Lynda
610705062	NZJaySherman	james sherman
431780761	Johnathon_McK	Johnathon McKenzie
235388971	Shaneomac82	shaneomac
752309719	juliansavea7	Julian Savea
19146844	rhondakarl	Rhonda Karl 
298144430	MariaTutaia	Maria Tutaia
23543947	AllBlacks	All Blacks
365619010	SpotifyNZ	Spotify New Zealand
122104594	PlayStationES	PlayStation Espaa
229763989	PlayStationTR	PlayStation Trkiye
24512707	PlayStation_ME	PlayStation Mid East
32222482	stevendunstan	Steve Dunstan
21993538	Matt_Gibb	Matt Gibb
18859293	DdotDallas	David Dallas
203041769	PlayStationPT	PlayStation Portugal
184940878	keanbeannz	brendan mcgurk
144314021	Sam0Possible	Samyson Aguilera
2235106244	MooshMooshVlogs	Hamish Kennard
28874408	xoShaaan	Shaaanxo 
3033103596	EAStarWars	EAStarWars
20659225	amboyes	Adam Boyes
478102402	joeboxerparker	Joseph Parker
50292284	ladyhawkeforyou	LADYHAWKE
24947030	Awa_1	AWA
40448650	jasegunn	Jason Gunn
146158783	DrFane	David Fane
21726199	Andrew_Mulligan	Andrew Mulligan
2375007637	gmracing51	Greg Murphy
2799675001	shanecameronMW	Shane Cameron
2462642455	DEFEYES83	DEF-EYES
208727554	GLYNith	glyn bromley
25614149	HCsMum	Emma 
112682996	Anika_Moa	Anika Moa
44852431	swbmx	Sarah Walker
70254382	TheJayReeve	Jay Reeve
77978213	chefumnzm	Che-Fu
22990588	JaquieBrown	Jaquie Brown
20621858	carlfletcher	Carl Fletcher
26692258	Magoogoo	Megan Sellers
20036901	Vaughanonymous	Vaughan Smith
129976213	Ben_Boyce_	Ben Boyce 
214251466	jeromekaino	Jerome Kaino
39723301	CoryJane1080	Cory Jane
601693221	izzy_dagg	Israel Akuhata Dagg
364509458	MontyBetham13	Monty Betham
243029812	tomabo10	Thomas Abercrombie
35317505	AwenGuttenbeil	Awen Guttenbeil
357232635	ManuVatuvei	Manu Vatuvei
305321716	BenMatulino	Ben Matulino
1356484933	Em_ma_Harper	Emma Harper
2247119348	razleONER	Russ
1260348134	RanjeevKapila	Ranjeev Kapila
87095523	geekboy73	Darren Bevan
1008512468	rekebum	Shani McLean
43297839	skiizoru	sarah wng
23881013	stephentweedy	Stephen Tweedy
571543394	GaryBird22	Gary Bird
361512483	PuaMagasiva	Pua Magasiva
2463410113	TheOrder1886	The Order: 1886
18917015	mathewarcus	mathewarcus
1080651750	gloombat	Emily Wolfman
10671602	PlayStation	PlayStation
146540920	AskPlayStation	Ask PlayStation
2887180848	DLSdiving	DLS Diving
2509397096	LightboxNZ	Lightbox
1267667352	GaboGD27	Gabriel Granados
43664085	Caserno	Gareth Coates
15424226	weta1984	weta1984
577933619	connorshorty1	Connor Short
15525694	vaselysapunov	Vasely Sapunov
1183010660	DRIVECLUB	DRIVECLUB
1544984108	thattechbloke	Benovo #summermyway
2673380792	TheRealFreylis	Simon Barlow
49201762	JarrodMacdonald	Jarrod Macdonald
1202361144	FrostiGamer	Andi Garnett
103226015	nfused22	Mike
2307364878	the_haan	Rohan Singh
488232895	eloursnz	Emily
2196681198	BigPipeNZ	Bigpipe Broadband
160458859	thedylan027	Dylan Jeff Barnett
977129359	jhpsorensen	James Sorensen
363881343	nzrosie1	Rosie 
204781699	KeremTek12	Kerem Tek
230398161	matiuwalters	Matiu Walters SIX60
142907483	GDE_NZ	GDE
2312717011	lonewolfbby	lone wolf baby
2594222870	PaulVFeliciano	Paulo Vivas
33156525	NZNewsboy	Reagan Morris
27577576	Luceobrien	Lucy O'Brien
1408796054	kevinbarrynzl	Kevin Barry
153256640	SonyMusicNZ	Sony Music NZ
298012638	DanielRutledge	Daniel Rutledge
44850086	Shaun_Clarkin	Shaun Clarkin
128345101	EddyNZ	Rowan Edwards
82168994	delphijunkie	David Clegg
1392346153	Lethal_Omega	Leigh Kirkwood
91977876	NaSeu1	 Nick
41513732	GamejunkieNZ	Gerard Campbell
106939062	SirCoryKnights	Holy Knights 
3298331	oconnomiyaki	Liam
123738262	Xenojay	Jordan T.
18576332	_mjwills	Matthew J Wills
1851147889	iamSimon_A	Simon A
23690496	Ronki	Ron Curry
17225655	DickSmith	DickSmith
341142617	JBHiFi	JB Hi-Fi
54037230	EBGamesAus	EB Games Australia
277834034	iGEA_Oz	IGEA
233631354	SocialBro	SocialBro
360453582	PlayStationAU	PlayStationAustralia
