88878382	BrusselsAirport	Brussels Airport
2732818747	RocketLeague	Rocket League
5533942	Telenet	Telenet
247430686	planetside2	PlanetSide 2
347877311	PlayStationUK	PlayStation UK
105297123	EASPORTSFIFA	EA SPORTS FIFA
2645440044	Guerrilla	Guerrilla Games
3008362756	SHAREfactoryPS4	SHAREfactory
1171755060	CDPROJEKTRED	CD PROJEKT RED
168501041	freakske001	crauwels mike
18759851	witchergame	The Witcher
168456306	PlayStationNL	PlayStation NL
290097288	CallofDuty	Call of Duty
120635554	justcause	Just Cause
378603319	projectcarsgame	Project CARS
262706840	slightlymadteam	Slightly Mad Studios
46423291	Treyarch	Treyarch Studios
3033103596	EAStarWars	EAStarWars
57903424	hellogames	Hello Games
382823424	SonySantaMonica	Santa Monica Studio
16515099	SonyElectronics	Sony Electronics USA
41522105	VisceralGames	Visceral Games
2977959646	ExperienceBF	BattleF Experience
27855118	Battlefield	Battlefield
35406821	yosp	Shuhei Yoshida
1558722967	andrewhouse_ps	Andrew House
1562048478	JackTrettonSCEA	Jack Tretton
147776954	RockstarSupport	Rockstar Support
168462348	PlayStationBE	PlayStation Belgi
723475399	Ramon1151	Ramon115
608425640	owenoldd	owen van huis
215254297	Julianw_038	Julian038
355313850	Royal_Awesome	Matt 
237219812	ubisoftbe	Ubisoft Belgium
328581273	JoeyWKG	Joey
23843220	SuckerPunchProd	Sucker Punch
26280712	Bungie	Bungie
146540920	AskPlayStation	Ask PlayStation
1183010660	DRIVECLUB	DRIVECLUB
22008503	Rushy33	Paul Rustchynsky
242806260	dimi_ferrari	Dimitri meeus
155945134	UbisoftMTL	Ubisoft Montral 
96970637	neckermannBE	Neckermann
23584929	ThomasCookBE	Thomas Cook Belgium
1499636930	TheDivisionGame	The Division
85215038	ATVIAssist	Activision Support
593755029	watchdogsgame	Watch Dogs
2462995926	Gamer_202	PlayStation Gamer 
36969785	PlayStationEU	PlayStation Europe
948444535	DestinyTheGame	Destiny The Game
121226571	SHGames	Sledgehammer Games
18742444	InfinityWard	Infinity Ward
612782611	Activision	Activision
15222083	Naughty_Dog	Naughty Dog
15234657	EA	Electronic Arts
583650086	IGNBENELUX	IGN BENELUX
18927441	IGN	IGN
14922225	Ubisoft	Ubisoft
29758446	RockstarGames	Rockstar Games
10671602	PlayStation	PlayStation
34442404	Sony	Sony
285775544	RoySikder	Roy Sikder
