20495756	YugSTAR	Guy 'Yug' Blomberg
2885335785	StarWarsAUNZ	Star Wars AUNZ
2732818747	RocketLeague	Rocket League
2783350981	StanAustralia	Stan.
1612349160	Studio10au	Studio 10
26968784	davidrobinson83	David Robinson
2183855443	BlacktownCityFC	Blacktown City FC
240940350	BayswaterCitySC	Bayswater City
3011877529	PSGamerDad	PS GamerDad
362165266	DaveyCampbell85	David Campbell
104633545	patrickbrown2	Patrick Brown
2611458583	mattsimmons08	Matt Simmons
743158339	tearawaygame	Tearaway Unfolded
515416570	SpotifyAU	Spotify Australia
122104594	PlayStationES	PlayStation Espaa
229763989	PlayStationTR	PlayStation Trkiye
24512707	PlayStation_ME	PlayStation Mid East
2866877660	AidanHoganaidan	Aidan Hogan
317473140	BeardedBatmang	Daniel Myers
3119058073	piighead	Albert C
1599842204	ClaireTrees	Claire
1943288810	mmorhi	Michael Morhi
67594247	Zee_J	Zachary P
573257564	Christine_2310	Christine Caruana
2204465652	theBirdyMan	theBird
856366590	joychenjamin	Joy Chen
203041769	PlayStationPT	PlayStation Portugal
23280947	PerisherResort	Perisher Ski Resort
1010619798	SarahWellock84	NukaGirl
2971709277	HeadmasterGame	Headmaster for PSVR
3033103596	EAStarWars	EAStarWars
20659225	amboyes	Adam Boyes
1261774309	gangofyouths	gang of youths
28456533	FFA	Football Australia
89316681	SydneyFC	Sydney FC
120765355	DaxGinn	Dax Ginn
845130553	mrnovo6123	mr novo
364268064	Leena_Khamis	Leena Khamis
371112966	CaitlinFoord	Caitlin Foord
320739724	samkerr1	Sam Kerr
26432422	pedestriandaily	PEDESTRIAN.TV
1358139056	RatchetMovie	Ratchet and Clank
263378242	TheMatildas	Westfield Matildas
352896449	RobertCogburn	Robert Cogburn
3184044432	tnico74	Tony Nico
3112605834	sowwowofficial	Jamie Soward
104799646	QuadeCooper	Quade Cooper
280744475	NNSWF	NNSWF
30395978	CapitalFootball	CapitalFootball
1147539373	DevStrikers	Devonport Strikers
39442291	tufc_tuggies	Tuggeranong United
2599393525	SouthCardiffFc	South Cardiff Fc
267690631	WestAdelaideSC	West Adelaide SC
2896027974	RedlandsUTD	Redlands United FC
111208365	sydneyolympic	Sydney Olympic FC
554326964	ECUJoondalupSoc	ECU Joondalup Soccer
36513872	TaraRushton	Tara Rushton
3037044019	EASPORTSFIFAANZ	EA SPORTS FIFA ANZ
380096047	ALeague	Hyundai A-League
177858179	FOXFOOTBALL	FOX SPORTS Football
869773646	VaatiVidya	Vaati
172310949	adampeacock3	Adam Peacock
394471665	FOXSportsNews	FOX SPORTS News
55131390	FOXSportsAUS	FOX SPORTS Australia
134376725	ellyawwesome	Elly Awesome
17642426	_bennyd	Ben Demeyere
306023261	Brain_Doctor	Adam
2800101466	NetflixANZ	Netflix ANZ
2990272030	upyourstatus_	Up Your Status
2465505223	NPLVic_Football	NPL Vic Football
746733824	AvondaleHSC84	Avondale FC
2398590228	NPLNSW	NPL New South Wales
2319992606	FFSANPL	FFSA NPL
244558762	stevenmcgarry	Steven McGarry
239599311	FootballFedTas	FootballFedTas
1240095680	footballnsw	Football NSW
948444535	DestinyTheGame	Destiny The Game
525497174	PlayStationIE	PlayStation Ireland
146540920	AskPlayStation	Ask PlayStation
347877311	PlayStationUK	PlayStation UK
148206336	UbiAustralia	Ubisoft Australia
27321953	stusta	Stuart Coleman
321338448	sickbassplayer	Jake Marsden 
283382965	tiarnedesmond	Tiarne
118832910	B_Signal	T.W.Rusho
466184919	dolansbay1997	Matthew James
830452874	BurtonFinch	Burton Finch
906205500	seanwalker1996	Sean Walker
21736679	Kalgar	Kalgar
118841723	bowie7070	bowie owens
130411782	JonSheps	Jon Shepherd
2173000062	PlayStationNZ	PlayStationNZ
23583842	drjasonfox	drjasonfox
180505807	instagram	Instagram
1170311498	JaiWaetford	Jai Waetford
928992678	imfallfromgrace	iamfallfromgrace
545770906	wswanderersfc	WS Wanderers FC
98824578	FootballWest	Football West
429665301	SydUtd58FC	Sydney United 58 FC
2369459462	albans_st	St Albans Saints
17286920	smfc	South Melbourne FC
1709327844	FFACup	Westfield FFA Cup
1302112670	AdelaideCityFC	Adelaide City FC
250340678	NorthcoteCity	Northcote City FC
350712636	MelbKnights	Melbourne Knights FC
1008525019	PMSCSharks	Port Melbourne SC
2432931810	GreenGullySC	Green Gully S.C
242553635	FootballLiam	Liam Bentley
570543308	BentleighGreens	Bentleigh Greens SC
283819472	NthFuryFC	Northern Fury
1881606314	nplnnsw	NPL NNSW
1669463670	nplvictoria	PS4 NPL Victoria
1203266923	nplqld	PS4 NPL Queensland
186272170	MovemberAUS	Movember Australia
133178410	JarrydHayne	jarryd hayne
612127724	DesecratorGames	Desecrator
18731347	carlmanneh	Carl Manneh
245282361	jbernhardsson	Johan Bernhardsson
177564924	Kappische	Daniel Kaplan
78569316	socialbakers	Socialbakers
249884202	Nissan_Aus	Nissan Australia
24828216	Nissan_MSport	Nissan Motorsport
14385329	siliconrepublic	SiliconRepublic
36987677	PlayStationIT	PlayStation Italia
381182084	YHendrixen	Yorrick Hendrixen
168462348	PlayStationBE	PlayStation Belgi
168456306	PlayStationNL	PlayStation NL
343057955	MindscapeAU	Mindscape
734177016	2K_ANZ	2K ANZ
2202364836	JimmyBillington	James Billington
1177605036	harrytuckerr	Harry Tucker
58746232	iPodmail	iPodmail
26032912	ronanofficial	Ronan Keating
17863878	ARenardson	Adam Renardson
28965415	free_play	Freeplay Festival
19738063	slopezAU	Steve Lopez
15267017	marigo	Marigo Raftopoulos
282010219	CobBlade	Cobra Blade
14308823	desensitisation	Katie Williams
189686155	JustSerif	Serif
93969417	FarbsMcFarbs	Farbs
522731421	JessMcDonell	Jess McDonell
93039669	Masterkizz	Masterkizz
17075161	GameMakerBlog	GameMaker Blog
88063407	TheManaBar	Mana Bar
1226300749	NicholasMLG	Nicholas Ballarini
44108591	ezonecom	Simon Edis
23012505	sethsentry	Seth Sentry
21176417	hexsteph	Stephanie Bendixsen
24647213	Liam_J_McIntyre	Liam McIntyre
34897060	Lucas_Ordonez	Lucas Ordonez
20512260	raejohnston	Rae Johnston
15861559	rexbox	Rex Crowle
15757066	MrCambier	Ricky Cambier
126234787	VividSydney	Vivid Sydney
16744475	Official_GDC	Official_GDC
20063830	CVG_News	CVG
328448372	Mario__Bones	Josh Whittington
166438381	TrainsInfo	Trains Info
153339082	reillystyley	Claire Reilly
22770572	NickGulliver	Nick Gulliver
248743998	igTedPrice	Ted Price
15034675	EdmondTran	Edmond Tran
39154586	appliancesAU	Appliances Online
48644556	_ClaireConnelly	Claire Connelly
14946104	siobhanreddy	siobhan
806067284	PAXAus	PAX Australia
23741531	RubyRose	Ruby Rose
27577576	Luceobrien	Lucy O'Brien
14289331	dr_nic	Nic Healey
51883372	The_Sims_3	The Sims 3
454696257	ausretrogamer	ausretrogamer
55565885	VOOK64	Daniel Vuckovic
1734381	alicam	Alister Cameron
65121911	MosquitoBoyTy	Ty Cameron
23843220	SuckerPunchProd	Sucker Punch
777707905	SonyXDevEurope	Sony XDev Europe
29363803	mediahaze	Rachael Bolton
519467963	GdeFondaumiere	G de Fondaumiere
127483171	gamesblip	Amy Flower
143239063	OPS_Aus	OPS Australia
22315925	melissahoyer	Melissa Hoyer
38232487	assassinscreed	Assassin's Creed
18449101	paulverhoeven	Paul Verhoeven
617662218	IGN_AU	IGN Australia
382823424	SonySantaMonica	Santa Monica Studio
6608332	arnemeyer	arne
248044499	amy_hennig	Amy Hennig
299776583	nolan_north	Nolan North
478078032	ToddPapy	Todd Papy
33030256	Neil_Druckmann	Neil Druckmann
9103242	leighformayor	Leigh in Space
430207948	THQANZ	THQ Australia & NZ
223331841	GametechSydney	Gametech Sydney
15554547	GadgetGuySite	GadgetGuy.com.au
385261968	Current_AR	Current.com.au
18966165	zdnetaustralia	zdnetaustralia
255656643	CrimsonPlatypus	Troy Coleman
12098632	renailemay	Renai LeMay
35406821	yosp	Shuhei Yoshida
