231395986	isasanchezyunta	Isa bela
3504220815	karnff7	karnff7
116313185	TonyKamburo	Tony Fernndez Ruiz
29317434	museothyssen	Museo Thyssen
2436073958	Nublathegame	Nubla the game
475247866	TereEspinos	Tere Espinos
276066464	TereEspinosa	Ma Teresa Espinosa
170283032	saulbv77	Sal Bello Vargas
65898936	HuLkEdLcV	Hulk
89261642	zemariSpartans	Sr. Z
959876388	LabZeroGames	Lab Zero Games
41562632	lorenzo99	Jorge Lorenzo
211217412	GreenSkylar17	 Celeste.
537584886	antonioSD98	ntni $irra
958664880	Cendado	Cansino
211474709	Djprieto_y_Neta	Djprieto y Neta
1046266339	DCuevasCalderon	David Cuevas Calde
1092176372	David_P80	David Perez
39860984	WWEgames	WWE 2K
571001959	andreabasket5	andrea(:
3329577928	YTChicoPlay	ChicoPlay
119701861	Karm3nPadilla	A monster like me 
236574033	AleCH_MCF	Alejandro Caestro
158456096	justhellothere	Hello There
2596901454	dani_invizimals	Dani Sanchez-Crespo
3345351119	DragonQuest	Dragon Quest
87969276	GTAcademy	GT Academy
116241043	dmseto	Dan Seto
157705342	ElSerCreativo	El Ser Creativo
102646663	albertochicote	Alberto Chicote
204720622	JustEat_es	JUST EAT Espaa
3143260474	NetflixES	Netflix Espaa
187207522	DiabloEMT	Eric 'Diablo'Murillo
299776583	nolan_north	Nolan North
527911756	SoleCarvajalF	
2665149870	_kiryan	Kiri
1454862463	oscar_gaji	scar Garca Jimnez
109373716	PedroCS_	PedroCS
3304185400	kevin_agl	Kevin
3315358575	RobertoHaste	HASTE.
82471763	noeliasantiago	Noelia Santiago
178394244	Angie_Blues_	I am the mockingjay
1681345914	Migueluffy	TheMigueluffy
321390863	VictorYDeBeber	Gota de sudor
457837685	LuiiGmez	Luis.
451781747	FelixCruces	FlixCruces
3195816724	GgrGonzalez	PacoFiestas
2617432165	SG_Darwin	Darwin Brasserie
2647640886	SG_SkyPod	Sky Pod Bar
1527747720	SG_SkyGarden	Sky Garden
234915808	AbstractionGame	Abstraction Games
2612248984	lirueco	nacho
480378764	wargaming_netES	Wargaming Europe, ES
65912710	germgarci	Gerardo Macas
466383312	PitofloroMcCoy	Cremita Vichyssoise
78879146	Ladrero	Ladrero
274602987	SagaelX	SagaelX World
942135422	lDanih	Danii
1525454526	JarsW	Jars Jars Win
14898515	SalvaGonzalezz	Salva Gonzlez
213783842	RubendelaRedweb	Ruben de la Red
886939794	byViruZz	Bairus
1534347564	EvointerMC	Evointer
442616172	SuperMGames	Supermassive Games
220919365	DavidAuryn	David Lafuente
1502110711	ChineseRoom	The Chinese Room
287874950	Gremio_Sombras	GremioDeLasSombras
26280712	Bungie	Bungie
90964854	2K	2K
200079693	laserunicorns	David Sandberg
440085321	kungfuryfilm	Kung Fury
2909540146	UntilDawnES	Until Dawn Espaa
3285895885	mafiagame	Mafia Game
588227834	assassinsspain	Assassin's Creed ES
26093277	PlantsvsZombies	Plants vs. Zombies
290097288	CallofDuty	Call of Duty
258827867	PayPalSpain	PayPal Spain
155118307	Yoshi_OnoChin	Yoshinori Ono
2732818747	RocketLeague	Rocket League
46423291	Treyarch	Treyarch Studios
2380191342	RedGoddessgame	Red Goddess game
80687653	PsyonixStudios	Psyonix
107392119	YanimStudio	Yanim Studio
318762626	4JStudios	4J Studios
64565898	Minecraft	Minecraft
2165171719	thegranturismo	Gran Turismo
3239018813	SquareEnixEsp	SQUARE ENIX Spain
2645440044	Guerrilla	Guerrilla Games
772138298	gymage	GYMAGE Lounge Resort
772422170	Dogchildvideoga	Dogchild
2171142108	SpartacvsYT	SPARTACVS
705027275	soydifyeah	TheDif
7426332	eDreams_es	eDreams Espaa
2518350554	lioneldaney	Lionel DaNey
850799220	laurimolina50	Laureano Molina
282427293	Edy_Ayala	EDY
258039242	EduArgy	Eduardo Argibay
193293331	paraka83	Miguel Sema
198793758	DominosPizza_ES	Dominos Pizza Esp
18759851	witchergame	The Witcher
207213720	DJoNiBoSs	JoNiBoSs
460508928	Drasleon	Drassie
435182773	feraligart1	DilePlayer
2863963565	whereverjd	 jd; VUESTRO FOLLOW?
1648069981	IreneSwtS_	Irene Nez
277945855	ivalice27	ivalice27
421098838	josem699	josemaria
3164389013	sindri1	sueo
2170840786	Stefanysmileme	Stefany
1561272620	unDOSdeJULIO	#SlimePlayStation
88652633	XimeCardich	Ximena A.
278176507	Yoweeto	Pedro Bento Afonso
1426021998	Lunakuman	Cristian Gonzlez
553081088	LorenteJesus	Jaster
1940132372	Kaneda_Alonso	Kaneda Alonso
2333731905	Noeeliapn	N O E L I A
209713026	criss_cano	Cris Cano
581031393	MeriLaleliilolu	Meriiii
94757306	gonzalosanruiz	Gonzalo Sanruiz
2763610876	_Justoahora	Enamorate 
238329817	Uritrooon	Uri Figuera
406347481	Rauliitoo_7	Rauliitoo_7
2997790439	Arkhamfan97	Christian Abad
188541308	8saray91	saray
3102552081	Izan33_	Izan93
2964335813	dani15pove	TheDani15pove
3053475904	YTCEBG	CEB 
2153570282	SoulsWarden	Thresh
1524662690	botella111	Botella111
239084225	GarGoXixon	        Fr Grc
555491332	JaiRiToX94	JaiRiToX94
1647542144	GreyBoyUltimate	TheGreyBoy
2450845571	rycko_original	Rycko Original
91797762	LokilloSkydive	leandro
3044679514	MaleboFut15	Javier Lpez
2282218874	TheAlexGamer23	TheAlexGamer23
87492568	Alvaromusic_	LVRO
499176510	TripwireInt	Tripwire Interactive
250348020	blitsoftware	Blit Software
1543314943	BlitWorks	BlitWorks
2478652963	FICOMIC_salon	SalnCmicBarcelona
2785821236	InvokersGame	Invokers Tournament
2919101844	GoProES	GoPro Espaa
386591932	servclientes	Atencin Movistar+
769569853	JL_SDAME_B	Jose Luis Barroso
414167300	Yai_g_m	Yai Garca
130790793	Raine_7	Raine
974602058	SergioGG83	Sergio Gutierrez
568597018	vic800vic	Vc
339197317	yomvi	Yomvi
228645625	PlayStationDK	PlayStation Danmark
466043971	Muzska89	Muzska
220130933	Heranz_	Alberto Hernndez
136862979	liljuny	Jun Yoshino  
2463410113	TheOrder1886	The Order: 1886
421310912	RubnGB	Rubn Gmez Barbero
7819712	ComedyCentralES	Comedy Central ES
16267459	LithiumTech	Lithium Technologies
303973428	16LucasSilva	Lucas Silva
3020739712	antonioxbone	Antonio casado haro
2562206322	PmisCojones	Daruhan 
281970037	christian10ac	Christian Andres
150650142	RaulPrieto96	lRaul Prietol
271559131	Sickboy41	Sickboy Von Gtha
2175817217	MariaRodOlm	Maria Rodrguez Olmo
2406646189	MissLivDunham	Ana Konda
1171767601	alexande00r21	Alexander 21
1561368458	SergioMartin_93	Sergio Martin
311403877	menche11	cristian menchero
554735748	JMHMInf	JM Huerta Minchon
75349946	Dani_Intruder	Daniel Ballestero
262540085	Marien_PM	Marin Pujante Moll
2978825218	jorlixlovo	Jrlix Lovo
90643109	JoshSanchezNY	Josh Sanchez
322280172	Ennossuke	
2164595787	arrekinte81	arrekinte
1933892113	Sarayelmundo	Sara
300810192	K82_Spain	k82_spain
471926670	EspacioFTef	Espacio FundacinTef
15901999	fundacionTef	Fundacin Telefnica
95189246	SpotifySpain	Spotify Espaa
2702311931	CF_Esp	Cross Fire
2514276788	TwitchESP	TwitchES
84051641	REL3VO	Relevo Videogames
2929164641	LigaOficialPS	Liga PlayStation
306153181	NeedforSpeed_ES	Need for Speed Spain
41166484	abc_tecnologia	Tecnologa
63182397	Fnac_ESP	Fnac Espaa
57983580	Clan_tve	Clan Infantil
33173981	unicef_es	UNICEF ComitEspaol
211918976	UNICEFenEspanol	UNICEF en espaol
2372229692	GamergyES	Gamergy
294846920	Cassanito94	R..
267089882	505GamesSP	505 Games Spain
527977227	dmanresa1	dmanresa
2809970841	NarugaVision	NarugaVision
51720476	1GS1	Misterio
2557143258	Retitete	Antonioux
265107958	Sethimu5	Sethimu5
1607984048	MorantSP	MorantSP
