1029042858	Azeritje	Azeri
378603319	projectcarsgame	Project CARS
24234149	gerardekdom	Gerard Ekdom
14242065	michielveenstra	Michiel Veenstra
18123297	TaniaUncensored	 Tania Derveaux 
26338171	Ewinnd	Olivier Ponteville
540765591	Eevee_Co	Evelien
360453582	PlayStationAU	PlayStationAustralia
402572161	2KNederland	2K Nederland
24231063	StevenDhaeyere	Steven Dhaeyere
94322390	mexicanking17	jos
1729481378	TheRealGalaqe	Loic B
237287661	TessaVilyn	Tessa Vilyn
17211663	MyCom	MyCom Nederland
81689767	Liesbethje1984	Liesbeth V. Ginneken
864775448	CallKell	Gezouten
59399268	likemike	LIKE MIKE
286744396	MilanDekrem	Milan Dekrem
147776954	RockstarSupport	Rockstar Support
28606790	DeborahDekrem	Deborah Dekrem
31691260	NickyTellekamp	Nicky Tellekamp
35474132	YannickVDJ	Yannick Vd Jonckheyd
1561692061	LorreDeKoninck	Lorenzo De Koninck
92885356	da_valies	valies
85665057	derick_m_diaz	Derick Morales
117374281	GTHQ	Gran Turismo HQ
20608853	SansSouciCrea	Niel Van Herck
491489202	NintendoNL	Nintendo Nederland
544112708	Xbox_NL	Xbox Nederland
472102194	MartyatMax	MartyatMax
222523970	Thepandapandora	Panda 
38907178	Ardagan	Jeroen Gielen
435019157	GameManiaBE	Game Mania Belgi
85215038	ATVIAssist	Activision Support
189130103	BasLeinders	Bas Leinders
74113871	ffvg	Frank van Gasteren
523739218	bethesda_nl	Bethesda Netherlands
455844486	THQBenelux	THQ Benelux
187554735	WOWams	World of Wallpapers
252587760	marcyammine	Marc Yammine
87969276	GTAcademy	GT Academy
107242969	mg_meyssam	Mg
27855118	Battlefield	Battlefield
294198566	eSportsCOD	Call of Duty eSports
290097288	CallofDuty	Call of Duty
18683383	JoniSchoonjans	Joni Schoonjans
29758446	RockstarGames	Rockstar Games
105297123	EASPORTSFIFA	EA SPORTS FIFA
46423291	Treyarch	Treyarch Studios
237219812	ubisoftbe	Ubisoft Belgium
146540920	AskPlayStation	Ask PlayStation
10671602	PlayStation	PlayStation
262874093	MVPTeamNL	PlayStation MVP NL
257404358	PS_SupportBoard	PS Support Board
51227226	DeadNation	Dead Nation
19179482	killzone	Killzone
123193555	EA_Benelux	EA Benelux
46474456	SonyXperiaNL	Sony Xperia NL
204821098	KillzoneFreak3	Phillip
86947275	kingmadmat	Matthias Haschke
21320876	BramMeskens	Bram Meskens
45565524	patatdrolleke83	patatdrolleke83
36969785	PlayStationEU	PlayStation Europe
2954121	PowerUnlimited	Power Unlimited
176379217	LittleBigPlanet	LittleBigPlanet
54549871	JT_NL	Jasper vd Tillart
