358394307	N_Doggx	Neil De Goede
82137809	MTNza	MTN South Africa
3386323245	xQuaDZz__ZA	Josh
185963360	ThisIsSoloSA	Solo #WeNeedATitle
150411746	StiloMagolide_	#CamronDiazNov20th
15560223	techradar	techradar
263931548	gearburn	gearburn
3533406196	Celebr8Mag	Celebr8Mag
3310374215	Iam_josefritzle	I am_josefritzle
549123864	TiMOODV	TiMO ODV
133358255	CRAZYWHITEBOYDJ	CRAZY WHITE BOY
3052257844	1b72a6e912844f2	Keanan_Freeman
3367905437	GaGinga	Skriptaahh
750335474	Devkobotes	Devin Botes
3302554426	SportShowSA	Cape Argus SportShow
86518239	Kosta2109	Kgotso (KOSTA GAMES)
2362318488	0m3nmayhem	Attie Haefele (RiPz)
3187207923	DBKradio	DBK productions
2882559226	BradCherryZA	Brad Cherry
15073853	AndyWalkerSA	Andy Walker
224609400	alanqcooper	Alan Cooper
2376201287	CaptKobie	Kobie
75254621	Envisager_	Chris Owen
3130893484	Legion_GamingSA	Legion Gaming
339552308	MatthewFig	P1
81439375	Gazza_N	Gareth Wilcock
41334382	JonoCoetzee	Jonathan Coetzee
210612293	EnchantedSlayer	Brenda
3088541283	Cliche_ZA_	Cliche_ZA_
1208422130	Adele_gamemissy	Adele
3094646776	MagnusFrancke_	Exhiibit_ZA
1702732704	TH3_C4S3	IG 325Casey
901796906	KILLER_LAMB	Shan Mc Mahon
753141494	kilr0y_ZA	Candace J
3017229328	glenschoeman	Glen Schoeman
3030553352	lynnie_snail	Lynn
2282550576	GeeksDoingStuff	Geeks Doing Stuff
17644728	Wakeangl	HipsterNunWithAGun
165671367	kirstycarrot	Kirsty Sharman
130330260	rcgmobi	Richard
3092690907	EGESA_Expo	EGESA
614621430	IronMonkeyChris	Christopher Iron
1683850946	Guild_Gamer	Guild
144623538	qornea	Quinton Bronkhorst
202248612	TelkomZA	Telkom
2613338142	SaTechie	SA Techie
91300003	Sageville	Carl Angus
100841863	AnneDoli	Anne Dolinschek
2470718581	GamerSkins	GamerSkins
1884322909	RoyaL_NoLimitzZ	Kyle
2609141835	itsWinnnnie	Visions_ZA
2250631538	gabe_maier	Dreams_TC
3228668152	SoNiKGaming	SoNiK Gaming
3308026132	NevRageOnline	NevRage Tournaments
3315555623	SoNiK_Carlos	Carl Heunis
238924635	AttitudeForGain	Graeme Norval
23928889	MrsSt1ck	Amanda
1141807200	jasbrewdog	Jason Borea
113724465	Carla_Mouton	Carla Mouton
2905044172	mikilatiib	Mikiiiiiiiii
3059281679	Thee_ZaidyBoy	Zaid Karjikar
2980775472	DylonAdamz	Dylon Adams
296141804	TriangularRoom	Abigail Holden
244048712	kubz11	yakb kadernani
207221596	CuatroPulseras	.
2983126217	VoiD_Deathwatch	Deeeeaaaathwaaaatch
209188641	BaTouSai_ZA	Jaco Roux
1449525228	dino_wessels	Dino Wessels
119468910	the_dstrbd_one	Cheslin Engel
37950071	HAEZER	HAEZER
41780821	TyronLecki	Tyron Lecki
28959554	josepereira1974	Jose Pereira
201668315	AzileMaka	Azile Elroy Maka
2467452992	nAvGamingTV	nAvTV
1343809783	AlternaTVSA	AlternaTV
215461895	IamtheeMarco	marco silva
26461732	WaseemD	WaseemD
613819356	ayrtondossie	Ayrton Dos Santos
1398163874	LeonSchnell	Leon Schnell
220404818	Chefbuoyx103	CHEF
235087161	forealziesdayle	dayle
3173498291	SAVAGE__SCREAM	Savage 
62477727	thelastdon83	Don Mawele (tld)
2714375954	BrickmanZA	Brick Man
436148049	KeiraSchumake	Keira Schumake
927745568	Im_Peasme	Miss Pea Peralta
3031043536	raynob99	Rayno Botha
2999051544	XpG_Xplosive	Xplo$!ve Gaming 
261832879	XpG_Jcness	JC
16312858	corpsekicker	Kareema Ismail
193710291	OnZaFTW	 Onza 
202510078	CyclePark	PwC Bike Park
154258049	Cocomelts	Marco Cocomello
29442145	vittorioleo	Vittorio Leonardi
191738212	BradB13	Brad Broskie
2643450452	GXPza	GeekXP
39714714	kalaharinet	kalahari.net
29240627	OpiZA	Brian Mullany
177822130	Awesome_Games	Girl Gamer!
25113707	DilutedShade	Wayne
14491110	TyronS	Tyron Stoltz
14161583	ExMi	Tamaryn Shepherd
182277828	Nicki_Dadic	NickiD
219018071	LisaRaleighSA	Lisa Raleigh
66793496	Dubble_JD_No7	Debbie 
48380473	buddhaZA	Werner du Plessis
3700091	CharlN	Charl Norman
27000702	gabingcobo	Gabisile Gabi Ngcobo
21178158	jatori	Jerall Toi
18239635	shaneaddinall	Shane Addinall
167325322	riiaan79	riaan de villiers
242759743	CapeTownInsider	Cape Town Insider
88416497	RynoC1	Ryno Coetzee
60081882	Kane_CabriTo	Kane Widmer
14943811	janvZA	Jan Vermeulen
140460834	Darrangedd	The Darryn
91424349	KgotsofatsoK	Kgotso K
36002858	BrianSeligmann	Brian Seligmann
286180584	DarthBeard_	Jewel-Runner
133265918	IncConnection	IncredibleConnection
51404433	Junzski	Junaid Loonat
759802382	A_WORLD_AWAITS	MUSICA
46600037	popmechsa	Popular Mechanics SA
296168296	YesWeCrann	Joe Crann
569102303	GamesOnZA	Games On
202860226	LazygamerNet	LazygamerNet
90874519	memeburn	memeburn
185616990	GQdotcoza	GQ South Africa
45523306	Destiny_Man	Destiny Man
2727346382	MenStuffZA	MenStuff
53010211	simmiareff	Simmi Areff
208562170	OB_Monnye	OB Monnye
157956723	jeremyproome	Jeremy Proome
37972440	Joe_Sugg	Joe Sugg
216430965	Caspar_Lee	Caspar Lee
93440498	BlurryKnight	Brady Ruiters
35537697	AequitasZA	Marc Luck
218822122	garethisatwit	gareth allison
212121173	Ewan_Strydom	Ewan Strydom
23047333	BrendonInCT	Brendon Petersen
16740537	YatiKhumalo	Nkosiyati Khumalo
19226166	paule80	Paul van Deventer
49953820	GraemeRichards	@GraemeRichards
214385826	GreyHamz	Graeme Selvan
55968191	davidkau1	#Mojokes DavidKau
42595329	PikeyZA	PikeyZA
1065431118	AlezOden	alez (uh-lez)
122371317	dancalders	Dan Calderwood
54915035	seanbacher	Sean Bacher
360883992	MorkRock	Mork Rock
1170790759	bmske	bernice montague
197846488	deathbypencils	Andre Coetzer
31092436	NeverGlade_ZA	Gareth Runnalls
246825954	cathgrenfell	Catherine Grenfell
29354555	Ereeeek	Eriq Martin
2964038368	dangrdnr	Dan Gardener
2926907650	AllStarGamingZa	All Star Gaming
402269854	MonniqueK	Monnique Klingbiel
319028157	Decembermaloy	Dayle Claasen
22474484	parlotones	The Parlotones
24855808	vancokekartel	Van Coke Kartel
232248252	jennapietersen	Jenna Pietersen
231080032	chadleclos	Chad Le Clos
55044289	andre_roid	Andr Ackermann
1633566324	Aaqil_Za	Sayed_Aaqil
2225732501	jaco_36644	jaco viljoen
2640892787	Kni8Wol4_300	Murf
1334764807	Sillicur	Sillicur
2842276961	lolLimiits	Limiits
106366179	munkypuzzel	Ruth Erasmus
18488964	SeanWojt	Sean Wojt
338919507	GrimBanshee	Yolanda Green
249850885	VoradorX	Ernest
10228272	YouTube	YouTube
570893651	Granty_Humphrey	Grant Peter Humphrey
1261189729	basilhollenbach	Basil Hollenbach
2954896085	PS_Gamer_SA	Captain Anchovy
1130912028	reche14naidoo	Rech Naidoo
1454855443	JandasTheDj	              #TBI 
494029723	AlertZaAfrica	Alert South Africa
1281625369	WeAreLeg3nd	WE ARE LEGEND
255088737	ryanvdberg	Ryan van den Berg
45843861	RicardoHarvey	Ricardo Harvey
2748696882	digicodes	digicodes.com
2879759939	Hellcatsband1	hellcats 
275456801	Ty_Daniels1967	Tyla Daniels
153907956	NiteFenix	NiteFenix
2743470586	KDPienaar	Kyle Pienaar
944312132	thatkidSimy	Simone
2152945594	OzoneTZA	Ozone Tournaments
41148372	MachineZeit	Svart Blck
122121502	DERoestorf	Dawid Roestorf
42288844	RuannSwart	Ruann Swart
189828272	Jesse_Clegg	Jesse Clegg
18915582	Tuism	Steven Tu  
2331774221	KarizmAiitz	Wesley_Deary
1492929978	SocialSA_	Social South Africa
2414533399	SocialSAGaming	SSA Tech & Gaming
32947008	JoubertBotha	Joubert Botha
27836906	Hylton_Arendse	Hylton Craig Arendse
