2151445346	pststyt	pststyt
258061174	ffdek	ffdek
3092003241	RayanPellegrini	
847396122	PNationale	Police Nationale
62747302	Place_Beauvau	Ministre Intrieur
2611255169	pxlstrqw	straaaaaw
3371235653	OzenGFX	OzenFX
3120910170	nokpiofficiel	Nokpi Officiel
1379101296	SaiyanJF	JEFFREY
452931420	benjaminzanatta	Benjamin Zanatta
581603957	ghislainSlow	Le chanceux
286333125	DavidSchlem	Schlemer David
124288585	Lef0nda	Claire :o)
356323185	PlayStationNOR	PlayStation Norge
40953865	PlayStationDE	PlayStationDE
1880494704	Chems_largentin	Chems L'argentin 
2309110008	SinistraEsport	Sinistra.eSport
826115666	MehdMhd	moi c mehd
3310637363	Raydlle	Julien - Raydlle
39103542	ttomtom01	thomas
1682801258	ericetquentin	Eric et Quentin
1706225299	Patlarea	Patrick Mendy
233719983	chr1s_co	Christophe Collange
302109522	edAbstract	Edward Haywood
866708240	WilSonLsL	[LV$] Wilson
2938935064	UndeadSoldier76	Jinx
369089757	Trafalgar76kami	Alexis P
925855182	KimCL	 Kimy
2161829572	Eagle_Black91	Eagle_Black91
2364094128	ElodieTaliercio	e l o d i e
3431417421	sakuwara93	sakuwara
2329953641	derricknecht	Olivier K
554307969	MarcChouly	yolo
1542044000	Joshinours	Fate 
147701178	FlorineVasseur	Florine V
2851609595	AlexGmzs	Alexia
2460359405	chasseurpepette	maxou
335188403	TrisWillmott	TrisWillmott
2512560250	Timy_974	Timy974
527605785	Curtis_3288	Wakanda Free Press
2742747993	WaxDSTN	WAX
102684682	DaemoeWolf	Amedeo Davit
858643340	stylinsodds	 102 
143490576	veust68	veust
2230207440	awesmosh	CW TRAILER !!
942400531	layvinkurzawa	layvin kurzawa 20
361446076	BumperxD	Bumper
3403584065	Ced_BCN	CedricBCN
577109423	VRTvingt	raptoror
2814169839	LePetitPointG	Le Petit Point G
731257309	SebastienMufc	Sbastien 
1615607760	Kikuchi061	Kikuchi06
3364425766	PS_PlusLeague	PS Plus League
3000185035	NumaVideos	Nunupaco30
3579211695	RomSrz	Romain Sarazin
2850394487	DidierCrabos	Didier Crabos
1367131	PascalMabille	Pascal Mabille (PM)
2567830738	FRWatchGaming	[Fr] Watch Gaming
2509609115	cmonblaz	Le dtective
2669164814	nairolflo	 florian.
1941372738	HayashiMigaru	Migaru
550202880	raphaelvarane	Raphal Varane
1638083233	bodet85	FlorianB0d
560129858	Darky974	Pilote ligne D
2933575596	inspecteurcolo	inspecteurColombo
2795885371	Augxstin	Augustin
147596311	Benzaie_tgwtg	Mr. Benzaie DANIEL
321388777	Gotaga	Corentin H.
2893276281	TaibiSarah	sarah tb
89394967	UnMamouth	Jake Peralta
2183129722	Arnaud917	SMOKE
547899565	Jujupand	Justine Leonard
121221766	serivore1	Emilie Weasley
249018767	Maamar_Belha	Mamar Blhf'
922087418	CorentinFraval	Corentinooo
49266036	sofiane75	Fianso
2335209243	PlayFamilyAssoc	PlayFamily
31137807	DeusEx	Deus Ex
2716809009	CosplayDark	Dark Mask Cosplay
2964381431	BFKClanKnifing	BFK Clan
2920511757	Arcann_	Jeremy
2649057865	Misterleadou	Leadou
290097288	CallofDuty	Call of Duty
3297134889	ALSaiyen	Ne respecte personne
248869046	Antoinedroid	Antwane
3315294006	SanaFF_	SanaFF
1243618626	Myname_isKawaaa	#LaVieEstUneChienne
79758113	tonyparker	Tony Parker
2903543903	JohnChoufleur	John Choufleur
1270672939	danidelpiero7	 dani 
3405437121	Gwernaroth	Gwernaroth
2467624001	Skyyllow	Remy FAGES
761104782	Arsseur	Arthur
617311811	thomasde12	Thomas.M
279467493	lxxc_gaming	lxxc
2753256306	auredu23	Auredu23
493067016	ValeryGad	valery
843085538	Ani_GeaR	AniGeaR
47081350	Kojigantesque	Koji
417377551	evilzbob	B0B_Zombie
2165468522	CMPunkXIII	MRin
2412567143	TChillet	Theo Chillet
370858054	Frigiel	Alexandre
2263650963	ThermalEU	Sayn
2260498781	youss_hmz	El Chapo
56410814	PlayStation_LA	PlayStation LatAm
184127702	NawFootballeuse	Nawel Hadjaf
2798347440	geekmpt	GeekMPT
31720603	Zerekiel	 Caroline Rajcom 
3065710115	PenseeLeo	Pense Leo
323910591	RomainMaron	Romain
103001561	DrStoffenberg	Anthony.B
422841669	Atman83	Nsairi Atman
1629134580	Rarohe_Gligli	Rarohe
435715853	DocInutile	Uncle Idiot
2756787817	Jordantk47	Jordan
218572651	slayerbounce	Slayerbounce
2669503849	Geaant4	Geaant
1223098908	Eriic_Stoff	AE
2984811731	JuliennB_	Ju'
1413842420	Theyo_Silva	Rien ne sert de ni
193346457	NaylikFR	NaylikFR
2360020004	SwordCOD	KB
1392045678	switchbyaxa	Switch by AXA
516473474	AlexandreHesse	Alexandre Hesse
1452104448	TehQrixy	Anthony / Qrixy
161668367	Nari_Ju	Blary Julien
2942745850	RSokaa	?
121395914	florentcov	florent covet
2884151020	aigleazur78	antoine et alors?
119442927	minimeuf	Misskay
2429242903	GameLevelFr	GameLevel
2468003900	GoogleFrance	Google France
2728247913	lugo_boppet	_.mounir_.mhy
2656762438	kpone62800	Jeremy MEREY
2749099911	VarletNat	Nath (Dark-Knath)
2225998144	ASahouli	adrien sahouli
3020184069	theo_l02	Tho
109514099	MrSore	Jrme Brunel 
1399091586	GregoryP39	Gregosurf
293041750	nono440	Arnaud
601004907	BlackGamer59	BlackGamer59
2288479111	MarionPossety	Marion P
2782288799	Hiddeeeeen	Boom headshot 
202088870	jwoitt	Jrem
3147856378	SandrineLTS	Sandrine LTS
150579387	OCSTV	OCS
352638436	MrNikelMikel	Mikel 
3044756183	MaximusDiCarter	Max D. Carter
484690679	PierreRenoton	Pierre Renoton
117997764	olman078	OLman078
3122229359	CONARTRIX	CONARTRIXx
116242930	MitsuruVince	itsuru  
76672108	Spotify_France	Spotify France
1378985472	photos2francois	Francois Dourlen
1465437042	Dj0ojoo	Djoojo
3040630546	TeamGameuses	Team Gameuses 
2521147615	WarKonFR	Dorian
3025259999	Sirnov_YTB	Sirnov_YTB
2875748756	LASports_	Los Angeles Sports
91584397	ElodieAngela	Elodie Genot
547685319	yannouJr	Yannou JR
3053352593	Sehlimovitch_	Sehlim 
2883997072	WhiteKumaaa	White Kuma
2811091016	CasquesVR	Casques-VR
711160814	Wazaa_Man	GED_34
2889740667	Alex_lebro	Alexandre
932211242	C3Tho	TVR
3020457105	PuLse_Lamela	Julien M.
1421393605	Arnaud93330	starwars93330
1640895919	RonanDsx	Ronan Dissaux
58408118	AlexMellet	AlexMembre
749245939	azrariel	mickael
503330750	reminuscule	Pablo Escobar
1272749630	VirelImagin	Jordan7199Game
2609603580	Panard_Officiel	C'est le Panard
1584350078	TheFenoShow	Yamine Fenomeno N.
172917781	Schtroumpf__	Thibault
438200058	MoraneJobec	Morane Jobec
95177549	SamuelBouic	Samuel Bouic
386527561	Piyoko90	Piyoko
14749621	geoffbuck	geoffbuck
368284077	LeoGautier	Lo Gautier
453300858	MrBiduleTruc	Alexis
2290273632	FabienPereira9	Fabien Pereira
517360320	joclodoff	J0cl0d0ff
22470995	coletteparis	colette
309557023	Julien_Mauchamp	Julien Mauchamp
2464806785	Antonin_001	Antonin
1566619374	IdolSnuff	Antoine
2543559343	_SushiCat	Pi Ch
2519991721	XTheLightBlueX	Light
995163390	ApeX_Vno0oM	ApeX Vno0oM
2591773476	FrYzZe_	Vegettaaa 
15377914	fabcool	fabcool
2420030383	xLywow	xLywow Gamer
449790829	Lucky_Judoka	Lucky  
135527448	PuyduFou	Puy du Fou
558897301	xGSnake	Die potato !
2869923083	MattNissa	MattNissa 
