29552191	paodlcastillo	Paola Del Castillo
1978646786	SpotifyLatino	Spotify Latino
23495277	MarkNorris78	Mark Norris
322869821	MYMALK4PON3	MYM ALK4PON3
144742593	MarcoFabian_10	Marco Fabin
118274047	CedamGo	Csar Cdam
310932113	soygiovillalba	Gio Villalba
559530290	maqui015	Maqui015
552135087	MakeupByJH	Jackie Hernandez
253755500	ElJuanpaZurita	JUANPA ZURITA
2314735404	losdegarciatv	GARCIATV
1321147820	jonesmarcia	Marcia Jones Brango
1584266762	LeJuan__James	LeJuan James
390394018	mgwindey	Susano Jos
322233594	luisafernandaw	Luisa Fernanda W
251231168	Lasrtajaramillo	carolina jaramillo
255609802	JuanamartinezH	Juana Martnez 
150003563	mariobautista_	Mario Bautista
25204367	laura_makeup	Laura Sanchez Makeup
355048651	Sergecast	EL COMPADRE
39164522	thomasrestart	Thominhas
39164092	kobarestart	koba
39163475	pelurestart	Pe Lu
294279563	SebasArango	Sebastian Arango
1086340632	Soymarioruiz	Mario Andres Ruiz
44545956	Cajafresca	CJFRESC
15889135	bullysteria	Bully
367456792	KatyTheChic	Katy Esquivel
589320254	PPTeamKaren	KAREN POLINESIA
1870207579	PPTeamAria	ARIA POLINESIA
584548704	PPTeamRafa	RAFA POLINESIO
85414847	Vardoc	Vardoc
212105265	Juanjaramilloe	Juan Pablo Jaramillo
112244575	PlaticaPolinesi	Los Polinesios
181300983	villalobossebas	Sebastin Villalobos
67985464	Paugalindo	Paula Galindo
87097693	Wereverwero	Wero
198714937	craftingeek	Sper Liz*
67380738	luisitorey	Luisito Rey
94224243	whatdafaqshow	Mox
37718134	werevertumorro	WEREVERTUMORRO
91957553	mirandaibanez	Miranda Ibaez 
251538489	CaELiKe	CAELI
212746249	yuyacst	Yuya
16930215	CinePREMIERE	Cine PREMIERE
13858622	samuelaxon	Samuel Axon
17346552	FernandoMexia	Fernando Mexia
9100522	richandcreamy	The Illustrious
14435773	mikeford	Mike Ford
2706021	kdoohan	Kevin Doohan
743158339	tearawaygame	Tearaway Unfolded
96059841	ColbyBoothman	Colby Boothman
14245872	amandablain	Amanda Blain
14052798	MENACE	MENACE
19889841	gamegoat	Matt Cabral
1249643738	DevolverFlix	DevolverDigitalFilms
23857378	JMillionNYC	JMillion
49670748	terryterrones	Terry Terrones
18946182	contentnow	Martine Paris
15173685	sterling_m	Sterling McGarvey
14324058	solocorps	Blaine Kyllo
936226494	CyanideCoke	Jorge Diaz
243768472	Jeff_B_Cohen	Jeff B. Cohen
247135560	MrMatthewAllen	Matthew Allen
148112305	GAEMS_PGE	GAEMS
14777119	craigoboyle1981	Craig O'Boyle
2548644168	AbzuGame	ABZ
44567353	JAZZ2KOOL	TheRealJ2K
2426477634	ADR1FTTheGame	ADR1FT
115782732	ErzenDesign	Brian Erzen
14221327	poketronik	Hugo Jurez
111202538	juandiazdelgado	Juan
36955143	chiara_pinasco	Chiara Pinasco
41894819	memohiervas	Guillermo Garca
15488968	johntdrake	johntdrake
17814938	Storify	Storify
365659879	SpotifyMexico	Spotify Mexico
18927441	IGN	IGN
92162698	simplymeasured	Simply Measured
180505807	instagram	Instagram
24494874	annideleon	Anni De Len
60244788	Mikhail1990	
41273121	tinchocalderon	tincho
59003061	Hitokiri4	Hitokiri 
372300596	VoxxiNews	VOXXI
52784810	MethodModels	Method Models
20793816	amazon	Amazon
249743947	SonyColombia	SONY COLOMBIA
86347255	SonyLatin	Sony Amrica Latina
139779411	SonyMexico	Sony Mxico
69389901	SonyChile	SonyChile
45708185	ResingWos	Sergio Gonzalez
290075064	DrinkBoxStudios	DrinkBox Studios
824881	LuisGyG	Luis GyG 
5274971	doruku	Luis Miranda
6982052	fechu	Federico Ini
8205822	renatahonorato	Renata Honorato
9264162	GusLanzetta	Gus Lanzetta
8057232	tengumaru	Fernando Mucioli
7650242	zanoni	Lalo Zanoni
10370062	lucas_patricio	Lucas Patricio
12377872	d0nfil0fi0	Christiansen con CH
14079743	avicente_pl	Alfredo Vicente
15695712	JoseCarlosTecno	Jos Carlos Garca R
15771242	enriquej	Enrique Jaime
16388467	mariagiuseppina	mariagiuseppina
16410208	Santillanes	Santillanes
21003745	FerCarolei	Fer Carolei
18327745	luisortizc	Luis Ortiz
16742591	penpas	PENPAS
22649119	CaioCorraini	Caio Corraini
22870609	Shigeru_San	Alejandro Cifuentes
25699433	pchujoy	Phillip Chu Joy
29928204	dezeta	Daniela Zrate
29144253	jricaurte30	Juan Ricaurte P.
26000480	erico_borgo	rico Borgo
34042265	NachaInostroza	Ignacia Inostroza
33398784	SAVE_RAL	RAL
33119171	fgolscher	Fernando Golscher
36391714	wiemeyer	Federico Wiemeyer
36943830	rifarah	Ricardo Farah
41074232	sie7	Christian Gmez
40743355	AleArauz	Ale StroberyShorkeik
44743006	changoespacial	manolo garca
44237261	ngmagaldi	Nicols Magaldi
49128205	FolhaTech	Coluna FolhaTech
55596841	theo_az	Tho Azevedo
58952356	LucianoAmaral	Luciano Amaral
63893498	JorgeUlloa21	ElJimmyBuckets21
71097419	FanGamer_	Fan Gamer
90939483	sandraRozo	sandra Rozo
133045551	pazborisb	Paz Boris
127706797	vzamoras	Vicky Zamora
101816160	iremar_k	Iremar Knight
92823565	masgamers	MsGamers
138781035	trinimaturana	Trinidad Maturana
167143482	totacion	totacion
179811016	NonoElBohemio	Nono
187156208	jimena_laso	Jimena
259852284	italobautista	talo Ziga
322082897	doctortecno	 Doctor Tecno
368441830	hugopogo	Hugo Martnez
384948532	DianaMonsters	Diana Monster 
432867192	Hiramfreax	Hiram Caizales
808057993	GordoSaboor	Armando Regalado 33
54158447	alvarezaaron	Aaron Alvarez
234575956	uchiha_cat	Marcos Hernndez
128641738	licaonleunam	Licaon Lobo Leunam
184683440	Latannia	Latannia Todd
109294401	OcCastilloC	Octavio Castillo
45684049	elclau	Claudio Quiroz
142453097	DaHaaMo	Harosaurus~
122104594	PlayStationES	PlayStation Espaa
76624568	GAMERSRetail	Gamers Retail
14121248	elpaella	El Paella
12451952	JulioVelez	Julio Velez
14725830	Rodrigo_Hitman	Rodrigo Corts
13446242	Aftasher	Miguel Asher
36969785	PlayStationEU	PlayStation Europe
10671602	PlayStation	PlayStation
13395742	renzosh	Lorenzo Grajales
